Username,Password,Firstname,Lastname,CompanyID,JobSiteID,Role,Email,Phone,Profilepicture
bjones,password789,Bob,Jones,1,1,admin,bjones@example.com,3456789012,/test.png
jdoe,password123,John,Doe,1,1,user,jdoe@example.com,1234567890,/test.png
asmith,password456,Alice,Smith,1,1,user,asmith@example.com,2345678901,/test.png
williams,password654,William,Williams,2,1,admin,wwilliams@example.com,5678901234,/test.png
hclark,password000,Helen,Clark,1,1,admin,hclark@example.com,7700002345,/test.png
gmartin,password112,George,Martin,1,2,user,gmartin@example.com,8811123456,/test.png
gwhite,password445,Grace,White,1,1,admin,gwhite@example.com,2144456789,/test.png
mgreen,password556,Matthew,Green,1,2,user,mgreen@example.com,3255567890,/test.png
dhall,password667,Deborah,Hall,2,1,admin,dhall@example.com,4366678901,/test.png
kmartinez,password778,Kevin,Martinez,1,2,user,kmartinez@example.com,5477789012,/test.png
rroberts,password889,Rachel,Roberts,1,1,admin,rroberts@example.com,6588890123,/test.png
bking,password990,Brad,King,2,1,user,bking@example.com,7699901234,/test.png
lmorris,password101,Linda,Morris,1,1,admin,lmorris@example.com,8701012345,/test.png
pchavez,password202,Paul,Chavez,1,1,user,pchavez@example.com,9812023456,/test.png
Demouser,Demopass,Demo,Demo,3,3,user,demo@gmail.com,1238567893,/test.png
Jfalls,Jfallen,Jadyn,Falls,12,3,user,j@falls.com,1234567891,/test.png
Jstein,jsteinen,Jacob,Stein,12,3,user,j@stein.com,1234567892,/test.png
LRatiani,lratianien,Luka,Ratiani,12,3,user,L@ratiani.com,1234567893,/test.png
Pmccoy,pmccoyen,Patrick,McCoy,12,3,user,p@mccoy.com,1234567894,/test.png
Mmaddox,mmaddoxen,Mason,Maddox,11,3,user,m@maddox.com,1234567895,/test.png
Ematherne,ematherneen,Evan,Matherne,11,3,user,e@matherne.com,1234567896,/test.png
Bbays,bbaysen,Brilanne,Bays,11,3,user,b@bays.com,1234567897,/test.png
Ealberty,Ealbertyen,Elizabeth,Alberty,11,3,user,e@Elizabeth.com,1234567898,/test.png
Hpott,hpotten,Hayden,Pott,10,3,user,H@pott.com,1234567899,/test.png
Jbranch,Jbranchen,Jack,Branch,10,3,user,j@branch.com,1234567990,/test.png
Aadams,aadamsen,Austin,Adams,10,3,user,A@adams.com,1234567991,/test.png
Eclaros,eclarosen,Erik,Claros,10,3,user,E@carlos.com,1234567992,/test.png
Kpowell,kpowellen,Kaleigh,Powell,9,3,user,k@powell.com,1234567993,/test.png
Zdulaney,zdulaneyen,Zachary,Dulaney,9,3,user,z@dulaney.com,1234567994,/test.png
Cwillman,cwillmanen,Colby,Willman,9,3,user,c@willman.com,1234567995,/test.png
Jyee,jyeen,Jacob,Yee,9,3,user,j@yee.com,1234567996,/test.png
Kbores,kboresen,Kenneth,Bores,8,3,user,k@boresen.com,1234567997,/test.png
Cstrickland,cstricklanden,Cory,Strickland,8,3,user,c@strickland.com,1234567998,/test.png
ttran,ttrannen,Tyler,Tran,8,3,user,t@tran.com,1234567999,/test.png
dmichiels,dmichielsen,Dalton,Michelson,8,3,user,d@michiels.com,1234567000,/test.png
Cauchard,caucharden,Chad,Auchard,7,3,user,c@Auchard.com,1234567001,/test.png
Sjohnson,sjohnsonen,Stephan,Johnson,7,3,user,s@johnson.com,1234567002,/test.png
Cmatherne,cmatherneen,Caleb,Matherne,7,3,user,c@matherne.com,1234567003,/test.png
Droy,royen,Daniel,Roy,7,3,user,D@roy.com,1234567004,/test.png
Pdubois,pduboisen,Parker,Dubois,6,3,user,p@dubois.com,1234567005,/test.png
mJames,mjamessen,Madison,James,6,3,user,m@james.com,1234567006,/test.png
Clangkamp,clangkampen,Cynthia,Langkamp,6,3,user,c@langkamp.com,1234567007,/test.png
Hmadden,hmaddenen,Hannah,Madden,6,3,user,h@madden.com,1234567008,/test.png
mdickerson,mdickersen,Matthew,Dickerson,5,3,user,m@Dickerson.com,1234567009,/test.png
Afinch,aFinchen,Andrew,Finch,5,3,user,a@finch.com,1234567010,/test.png
Dtaylor,dTayloren,Daniel,Taylor,5,3,user,d@taylor.com,1234567011,/test.png
Etomlin,etomlinen,Elijah,Tomlin,5,3,user,e@tomlin.com,1234567012,/test.png
Jfountain,jfountainen,Jeremy,Fountain,4,3,user,j@fountain.com,1234567013,/test.png
Csimino,csiminoen,Christina,Simino,4,3,user,c@simino.com,1234567014,/test.png
Cbarnhill,cbarnhillden,Carson,Barnhill,4,3,user,c@barnhill.com,1234567015,/test.png
Cmccarthy,cmccarthyen,Cameron,McCarthy,4,3,user,C@mccarthy.com,1234567016,/test.png
Msanchez,msanchezen,Mason,Sanchez,4,3,user,m@sanchez.com,1234567017,/test.png